{
  "bestLoss": 1309514.88,
  "params": {
    "starting-elo": 1368.9846804613144,
    "elo-performance-scaling-factor": 130.86134530551786,
    "tournament-competitiveness-factor": 0.4982534511126581,
    "first-tournament-volatility": 0.4583774505028991,
    "normal-volatility": 1.5176315793310347,
    "state-tournament-multiplier": 0.9024268422510201,
    "national-tournament-multiplier": 8.213144976192202,
    "elo-damping-scale": 72.51989592053137,
    "elo-damping-strength": 0.256097841140478,
    "momentum-volatility-scale": 204.2173545028542,
    "score-normalization-scale": 1.178820540438299,
    "jv-conversion-loss-ratio": 0.02031650278288648,
    "elo-expected-scale": 486.6955985126084,
    "top-teams-fraction": 0.6846199336022595,
    "missing-placement-penalty-factor": 0.1433801415925013,
    "momentum-window-size": 0.008844000716347746,
    "jv-conversion-min-tournaments": -0.009784006613967246,
    "satellite-tournament-multiplier": 0.45472575844841995,
    "nationals-attendance-weight": 1.0091372138254238,
    "nationals-recent-gain-weight": 1.089297528687402
  }
}
