{
  "bestLoss": 1000351.01,
  "params": {
    "divisions": "C",
    "starting-elo": 1431.3002140599615,
    "elo-performance-scaling-factor": 122.50449122717276,
    "tournament-competitiveness-factor": 0.5096499293260331,
    "first-tournament-volatility": 0.4543318376304912,
    "normal-volatility": 1.536571794415888,
    "state-tournament-multiplier": 0.9196545561329349,
    "national-tournament-multiplier": 7.677943847747574,
    "elo-damping-scale": 70.34781890726538,
    "elo-damping-strength": 0.24185309683858894,
    "momentum-volatility-scale": 100.73873500716545,
    "score-normalization-scale": 1.1290940901010738,
    "jv-conversion-loss-ratio": 0.020199716466919582,
    "elo-expected-scale": 488.6568312140807,
    "top-teams-fraction": 0.6838124601560654,
    "missing-placement-penalty-factor": 0.14574797700341052,
    "score-diff-power": 1.005,
    "momentum-window-size": -0.009245324166218136,
    "jv-conversion-min-tournaments": -0.009066758326339634
  }
}
